Row Labels,Sum of Lootbox Chances
rPRof1FAbAMsceVVWmpv2i8yh9MrrBkVAh,100
r9dPq527wLw6hUbD31QingL3RUa1PK3VMt,103
rKXQxhG2ieKb1EauS5kWG9VceBN4soDbQN,82
rp1nu7hJVyKBT3mVxCY1mVcaC4FPX2w7yA,79
rKQeAoJE4x1uBv7mJGV3zMDhyPrutwi53D,60
rUtssZDe6QgC3GLxuU6EC1tQ8nYBb5F87b,51
r4RkRxUR9VrBRZPurFZgNv7dXd25a1eFuN,38
r9LmfhMUukGb93FotmMUGBUVAu4rFGNLJM,37
rLL9RAhsavUALx1iV4FVGXuWodrpkztLMH,32
rBevqhWN3PSxai6UUvmr2rR4mF1i3u98To,30
r9BCCwZtejqBcSCrDW8L5692Z5KrM6KmKU,29
rLknXuWAKyQbe8eqtdR9S1PgWB1CzSZYgz,26
r9Sv6hJaB4SXaMcaRZifnmL8xeieW93p75,26
rpTe9tS8PyizHXaRrg8XFX9WGM35fZQQLW,25
rBBxUPnV1eQ1kdJBG4WJtUk7bZ8qLdCACZ,24
rGKeoQ5drb9EUjhoUDKHR2sxum43xJqgtm,24
rDdEGJSujW3YTMtmX19F33hjUoQYFcS8tZ,24
rH7RNF5MwTm8VbLMcsDHWTNnMggjNSaM9o,24
r3d8FHrGe2JZCxHboYFpGwjoaUZoXhpvmC,21
r4j7qRqXgTVDBwHo4x1NK5UJGfFMB6hBZV,21
rndi4kuBPzpuZHYRnzg5efywUkVEmmFbPr,21
rKL1i9spfxoHVfZtNpRRWKpgq3GV3MX1uG,20
rMCjEWHdoygTpomTVTsemY1ewAwDCFKjuB,20
rDFMo1UXozfwcrY2f8gpKPisZSRzf5FRPY,19
rhENCRhBo6DXrGwW3pZGEbY9atbKeFjkE4,19
ratUPU3tZjrbjR7Nf9x3EvbykccXukKVCs,18
r3K6wBtsbZE4i1uHBwNg4dgawFpv6g95Vr,18
rDbb8GsW6T94znEhaDBThEgEJrwsp4L9Sm,18
rfqpfTqqCsa2dVNTd2SFwGKAeFZdCeDrDr,17
rJCGL6hW2hcippbZRzcJbX9isp4DL9G1gq,17
rQfn21KgsSQknM6vZPFvfuAekhi9ryW3UK,17
r4QbXHzDuxEykjL6Ro4HisKUdy5iwtGSn1,16
rUYYh3qUwzcPeuW8FNNmpUPsQVzyfSM599,16
rsYnyLqVnypsUq2ZwDCjB8FzocqNP3WTQk,16
rD31GAYvyNJPknFucjhLEsRg7Uc5D87GMG,16
rf3jPqJYQ4Z3zRYvdysYfhh9jE7zW2wxRL,15
rNRH7SK54JZS2r7PVSbC4ZuboKahdJFcb9,15
rNEFn7qtEwAiHiovpzH7HrLhLizEyVc739,15
rsYCv3djLKakt3uWJERHqGvpKPyZFXeFSv,14
rCswdo8YCa1VYvo2JTPSbmRQa4L1kmJjo,13
rEzB8v312g3g8feUYS1K73kR9s1p95Avjq,13
rKetnq57qywEM1ovZBfdCAGrE9hAG4wiMr,13
rnRaCtte6gciSZ7mDRuarcpFeGUooer9SV,12
rKHgv36pazQk5PykSgwuTMfoG3xZRSWidf,12
r3PqrAz7A9koLh9zXr788Dqim5RU6nSFx4,12
rBp11DpuKgU9n6dcqXhtSfbDbvCVV9h8FS,12
rfouVdYmxsygtNAwD9cmr4NA4wefoMX3Ui,11
rK9UauDauvnJgTHVgx7QVsbyt9G75AmX3H,11
rLadbCqcKDZJCPCuQE3SUYnZpRc9LVPPTM,11
rsqTsSbVahNXcvGx3eiEBvtheLG1KHXZxh,11
rG77aUzsiwCHBw3MEdEcV78uPefHtx885t,11
rKaaK93ueV3rQniMcm951ZR94g3WidV2WD,11
rnE6iYamrzX1V3pQT7v7Tu5p2RWx97jaEj,11
rXztFXTQ8jCyYs8CTnj8LuWuXavVJa5ac,11
r4jgzp9aSmCvbbmrAKVmWsrPjQJaWqW7Bx,11
rrnJoS3QYywMpmEEWt34dvE3LiRwE1sAL6,11
r3xdPsXtYmq6UVndk8VNbmrMv39PyY11mP,10
rBCyMzyiJQcwshGKFVLgaCouWXsyxf8Lo9,10
rgCxZHjtPeUaT2C8hxr61XBRL2frYhqG6,10
rU4uMqWo6aFUrntLdsYTL9xjjwHsSEoNrR,10
rUg3PhHCW3SknEy4zC5vYvgJsH1AAUMUAQ,10
rDKDcpfaicGLJ1ESwZnEvcz7gDFgxgQDA3,10
rJUPfNcFzAeAZp8uBUPTkJP7bZdfQxYLD7,10
rDj4uv8Nhx17yiNkniAi6nVgNBHUQ7FLwF,10
rN39F2gZhKpoteZi6mi95yM4T1L2m5AxAh,10
rUv4X1NEcqA6rtnd8DjiYycSCDYVrn1Tc8,9
rwsqkAsrRabtqFwvjjjbEFHmdTZLsGxx87,9
rJ5QjerkznBigx7Qxho5KTNroocm5EucBP,9
ra3nUHub2Frt1B2ocW82xBMHZcx5mSScWp,9
rGnBUCwMJSX57QDecdyT5drdG3gvsmVqxD,9
rM2soDD8quZU7uQUnUPVoL4uBmy7ZSbfKo,9
rMizQmmaaciN28ymQd9Q8HQqGixnKs1eHn,9
rsVnj6jXW5KnDEnDecJ3iBKbwEqn9J8izb,8
rp69rLhTS5dBB2Tk8nY8Zgj1cF1WGJsjoa,8
rpmZY4fMm37KqG7rdj2D2BaSwS99Ay2aRT,8
rpSNzeeeh1vePqXuhpvNUTqbfsQR8MJieS,8
rhWm5ybC85sCeCQT3fgUY4mtpw7at8v9B8,8
rNdkcwbVMhxqvv8sUSQfcg2BoEDMB5dBAP,7
rNP3sHxzbjazPX83nwcgH6v35kmehAKpRK,7
rELnxvFDfX4ZxWYjJWfeRDUZrquSVnwo4N,7
rEQ5ZeYMXrBXn13sjvN3jLG1c1iEM6D77C,7
rLPdbVWPRtpYopq4FK3xWepXbFmCNd6fgg,7
rUobVBpvRwZ7k73QJ7ZURWxcPsNyhTy6xN,7
r9XmtfWPmLaYhXVmPGF1EAyTSnJySnLTE9,7
rHqeTuduQAB6JnHVuaJue8egyaGrpC57NP,7
rMjN4c2p9yvuTvVozYYUwoF2U859M9tQcC,7
raUXAEo9dT6NWWDrpPs6muPQbmrAyxj7Xm,6
rsjM5q4q7eNj2q5sMs7bJhEiJEgA38VKor,6
rEPLQMzo31HYWqsYT1ToErn4ZwQDVMRGwi,6
rNHimJuCTyoE13f5g6AdR2J91w8FqdXUc7,6
rQnkBjmL88DbbbJF7E7LnW4Rz2KWespxyt,6
r9GUrHMGth5PjfoCrTXMwJJhnrK4au843U,6
rDReN3oeBDmSgoZeJxc3GRA5JN7shrw96d,6
rMCCn6j1BjJdQeAiyGxmsJ21jL7f7TMaPW,6
rah3yhekWtbCJ8m6TJR2VcTVXazW6gHdPq,6
rHghVLV2PLCRUUcooG2PtMoDLF4LwNQH6T,6
rJ4zCnphZi8t1Tmio42BPuG6BbyWxwiZPQ,6
rKgDoAKC6PEYEiaZjMRbsANiUM975vbGKY,6
rnu7S9RK5rKN8p8CfBQJzbRo2w2m5cRDBm,6
rUdh2znnKgKgsjnup8r6CWQFLJBEjobeGE,6
raqJgMJyZAY5ZG4pF4o5iuyQEv6Vw5RZT1,5
rJzyW3mQuANHZ4omRrLedd9CWGwXJNMa6J,5
rN522JmJcR1WtaFLma7MPWws3Xcj7vqMTU,5
rw1t4YcpUHD6NKeVMATETpfaT75rvVrTr5,5
rBH7m2rKDs4EgWit3phcGiEkoTRUgBTYx7,5
rDEKrjS6UDv8cgu5gWdTXE3ofJz16qH6EE,5
rGLwwwwwwqzCrqS7YxgsvgcpqdjvQBo86C,5
rK1K48MQHLv5eciWtfL9HNKMJvuYsocKLK,5
rssk1Xks6PAYkLrma3HNqkXVebBcAf8SZQ,5
r3fBkMpL2JEFTrYDcvR9uQScWAvx4tQzP4,5
rfDr2jUog9XexaeEC2iJTMAhqZbs6pqTQZ,5
rGSaHMjd116W5ndr4Gkhzeh7kSf1DpEqsy,5
rJqy8RzTnDabMS9VXGRmAFPxHUMrpnAF1U,5
rMraqG7qoAxyao6HQti6annLajjVCXYKQk,5
rUDN58U2W72p5846e3W5HnWybNhupvPuhX,5
r3osNS3gd9hGuLqx92BbcEJJnGbjBZX42A,5
raXcH79zhz6i6teeSeBto2a8vRWfTncjNj,5
rELQpgT2t4oMdWVEAtT5pNVcsi4G697AQ,5
rEUBp8LU9wR1S3ibr7RNWpVttZqJcHKPTQ,5
rJxY8QCdJCy7QoWDBmhdj7A3HLx9Xwdh6H,5
rN7pcZc1kuY6ETDJmvkBD6DoLyMskLnwVp,5
rQ3Akg2mNLkFRsEW5yHmJBrAt1Vt3TKKtm,5
rQHveZ6yCKwNSGRiu4QnTSjJbLRfgBr72p,5
rsRPHwDyRv18j1hT1wkQEHCvtCpgKYYyGc,5
rUmdaarJ8B7JHBSLsWLEbP1kAYsWr1qcad,5
rLC3vrpjBmBTEWmbw4BVDGZyWYb5tVqD3Z,5
r4t3XX5eHf3LbBPASe4CEZxTRATUg98etL,4
rDP2mjceqKgsrH8Mz9zmGsQenUvHeevHwN,4
rGeJeDez5EsfGwcZgcersCCKZ8NsR92tEa,4
rhmzTV41UBWJKLqm8gNDVUqTALjxgpGiXe,4
rJADeEHPeMqkq7pzYi4gTyaReQ3siLFgES,4
rKxJoQrBCesfyEqiVJWJAmAaFMKwzwKYT8,4
rLiooJRSKeiNfRJcDBUhu4rcjQjGLWqa4p,4
rNKArebHNkJoaBTX7gh4RyFLdU4FPFmjZx,4
rUpvbQDu2yGEv6vuMJus3yrv45zwwKyrGg,4
rw7j6r8Nb5H8ubcL7kEHK7gE3emHawV6na,4
rwt56UuQhB6GBMjZUt9aABitDJNUDwHGG6,4
r3EhtvGQ7XMSGuQjmT7QQN2eMM88bGybuB,4
r98d3C34ePWkHdctxGXMsM851Wr6HDvGj9,4
rExDC3dHur7K9Bary5qV9qXDtPwMEtK3u7,4
rGHwpEMhAnJe7BnKNPkcHUhVPH3CvWEpGp,4
rhUsfqSsBGB5Zhfc2UKFeahLXXG5rSVtcP,4
rKqW7MmrSejV7rjmhuvjUf1xBbmKY9VCVp,4
rL9V1JhauNWZzDVWBXXiEGDe8g3S1t5wah,4
rLUyQK2rnFYGCVHSVKZWFp3hGw7276TcMB,4
r463pCYBEtDxf8wCWbHPVJvpPqEK2CDYWV,4
rGskwsuK8PxESf6xAicbkJhCDBDvetCYZF,4
rhfT7f9Mr3YXt8EhfRvfMo2uF7B33PQHcZ,4
rKbv5dsorD7MGuqc9NvbvC5BMZFgex2LVs,4
rNDjAdHEKhWmyq5qWAqaNn42w4W85hSjjZ,4
rPMJfpZGvFpyvazVn12Rn3Uh7QrgKpFNTq,4
rsVFin1Kv1vuYwSu8x93TSYjPQK1Lw5c9i,4
ruRb7BuU4hAXfvChhkGmK65oh6Ac4W7xK,4
r3XqdHELPEZen3ijViPrxv9WCLx9Nq1ngk,4
rDV3wBoEhTPwdR9P56Qyp8vehLsDk5Yqv3,4
rGCuH7MvC5aCEKMzAN34xpm51RSSgnBati,4
rJFVRx7XcZhcfDpfixazVbmuozf8tTiqKm,4
rKKtNdEC8vRyPPEp6sguZjHkhiJM5fJPxF,4
rKR3MqHv8nqiE3JryYetYaZ696GfWKsGkd,4
rn7vNV6TbhiRdRDoV7kMFuJRrRjwQ61ksq,4
rnwEK7e5QwxAGGzk11aqZhPbZ6DnLYN49Z,4
rPRhM9mrYwRJdpT6f65nQb2jHLJXNZDM8y,4
rQnGSVfZkcSJLYwxbo6BqbCaDvg8zfTMZ8,4
rwa4qv6Mrde6NA7CDjSU6qsnMZxo5W35wm,4
rBFJxky5vQ8GrHiyHaCRXyxvAD38nrrfqR,3
rHqg8knBW7L8uN6QwMUjvrn6tJe3uSoj1K,3
rJYzHXDhR8rj4uDmhbax3ja4Ztzxf3EMtc,3
rKP7pCm7LgAeQFKYcvJV5iy9wdCo15Brwd,3
rnheaJisXF4yF2jBf294ArUkqamWTEvKJW,3
rnKUDNj6PDUy4TzscJWDLZeKcVJC8dTSZM,3
rNNq9MGyLfUUcYaQPF8smG45Fh4AJLwHNg,3
r3aHQ8Kg7CZeizntXJi3z4Pn6BPM4jbHe8,3
rEdmoLpg61R6pHpr4VYbwLs51ngy248LqW,3
rEpxdxHzipUzatrzx8ecfPP2VUWxw1Mzab,3
rfWM2SrerhJRTAPFgpdkX25ahtAdPpgKgs,3
rGGY6m9QMHKrC19Kc4zKYYZPsyAx4i9Cih,3
rGNAoM3punrrP5rPc94EqYvzD67Sedopuo,3
rGoLdHQ7ujED1TMNPBJH9Ek6VJwU7Ns7kr,3
rN4QNFRBfBiyFZa6FSAFPKBu8S1c9L7Xx4,3
rPikqZ3zuX1DbGYk3NzPyRNAfsyuP2Chs6,3
rrsSj7HJaYtAuUzgBUyPBA9DL7voXcsFYP,3
rs7eEkp5ZZvzGNFNpz75KqbQxXTfscC5aW,3
rsxfWKWe4dcj3d9EBNYKDs3JB2tfsmKj7Z,3
r3eWjG7no9shtBzPH7cDS1qDTiHgM8qHvn,3
r3oQVuF38sCdryraWUD7nj1QbN5JE6ftwH,3
ra7kS2FQabZB4QWNqgdGQbQVPeFESciWCp,3
rBuyMhbtFVt97QJXUX4kb3CBHDJbbUZL7k,3
rD9fyfM2oq6y2uiqjoAemY5F55MZSttSKZ,3
rHQyTdBoEAA5vNu5ukczVc4ogH2bD6rJBG,3
rHwgdG8z7zCVdYBKMsWjw8eDiA3bhWxoe7,3
rJ8JJGZHKvyGkiFZhf5TbhnH8HSupWoDqE,3
rJQTrHKExfeCjschk5MGwPZuditZ8vdWnD,3
rP6AhxCtDV38wa3zBQUHk5yJ9gYcuFnGeT,3
rpnA64r6adQyhZC29ae8Hb5pxrhMa5KpeQ,3
rPPCaX18pe4bALqh8PouQJimeSmo6fzBSv,3
rpQhwaXtiVVjg9VjBEW4LuR9eG9c8zYaQx,3
rPX1N6EkrfeMvDk2AqUy6tJ9E8nRu6yhZS,3
rpZe2PzmxhgbE11Ro6kDYLiwFdcfuVCTo7,3
r3zBbMvQzb1vVDuDDPbL6eRU9MKNr53daC,3
r4jPVMaezEbriZHbS8yHQinFR8dMMMry1Y,3
r4ZpSbmtv5inJVUfHzcXC7yug2LgwMR8Hf,3
r8ypcA1mj8znyb9oy4dgj34y5C6nRyZLb,3
rBApzpBQn6qaGGLoDppyf1CVE1aK8AbC7V,3
rBY3qtk5J27aZ2H7rPE8P2eZAySLxCjGWA,3
rDHoLzWug3ySCWtg8D2tQ2WdRPsKkpG9tL,3
rEhkTc4faWkL7vLZzLPNrkq5rxzvTdScfj,3
rEPJTxLxkGGMdPUayjWm4kquLfLHesWiw3,3
rfcJzSRhWqeTVdhN4uYCRabxAAcmWUuGZz,3
rfYEpcKarEHsU2ESWp5vrsP53SM8r1wWpQ,3
rGrd8PRPp4UGaXuiqrAnN8fix9x6kgaRU,3
rMsMtej65AHiF8QsKfFHcSsfnf9AztKjAy,3
rNmHGzwKWdansjyXE3Jfzm7TpZqfVNM5mw,3
rPAbUPb8oGU286qg4YZN8j21hCGSWDiBV5,3
rPVxcBiJProQf7T5WNsbe318f3K8rqFemy,3
rUHvugWgwr81XRd3f6NzQ52K7NWP1tTXgm,3
rUKLKjZ5sdXCFjE6RsC7Z3D7FP2czjnHEp,3
r36QwUBAyNJ8PbqLbCzyNX6q34uSrcA8Jd,2
r49jK6a3PGnmVpu62zRih8sh12YEiXAquY,2
r49vvWsFdRwyL7KmjhYJGA8oKmGsHRksip,2
r4uo8i75PU4MR3iCnA8dx6RqKvxKq7Mvta,2
raHmTcDguMfYcs4zJudTp51nHbVr8FF5SK,2
rajQGCYdTV5wBEaDcCk1YAtLQNnyXKGFhU,2
rB8FACFfwzNNZx1hVwcjymuxWodhubM2Cz,2
rBD9i6MtUwUeBwAwJWTEguMUE4daavfEQe,2
rDq8uYJavY8VzvaE6mPkwGbYH2LJYxdQFY,2
rEGYHBkPKJHmYu985rtkxZonoxNav29EFQ,2
rGAwEcHNHSVz2ZVJ4aw1PDFPV6kRm4Lz4q,2
rGprw7vTuYvrGJxjSJHaorPeUjkyZEeckx,2
rHNuF9Aw1ztjxX4Z6XcbyiRhRqdu9HnoEe,2
rHxjmGqKLdKCzgYHEEek4hPvau76gArLVr,2
rJUonReGN1Dw3rStYY6o9iHbT3SWkNz11j,2
rKVFU9chUC2zp8PeV66ZUQ6uv7TEFFV4Au,2
rnbTo6oRHwHdaAXRTGaPoT29CnWotrXTus,2
rNeZKWgCnTq5hRaY7cAxxAyMf2xSJzuJd5,2
rNw4ybza8NdzyC9V9wvpu8iUYTwCkamhaa,2
rpi8bcGg4cqR2TeCDiLFLuSAhcusdWj5V4,2
rpP53bLzPQro7xKM1c2z6paxRWWJ5n9gv3,2
rUNSubZV885ZGdV2TYGr8eaZSfFMeA9qf2,2
rwg2nepWA9EiNiraapcagU7Fc8TRACut6Y,2
rwgQVW6ysXtLPCHK77zBN4fDbvakejvnxf,2
rwqigqsBKBuKwJc5EEJ8P4ippoUf4pMwgQ,2
rwtQz2sbQBXmvHkukQWaBiJ5toyRF2wHkR,2
rwvALHcNYiXt4Gm6WuxGxssMZcndk4UB1K,2
raf2EPA1PbvVwm1wKkeyGrNdXNEUb5i1k5,2
rBDftxyVQY4NNwBArByzcsmW8ziAD9Ubf8,2
rD9a7oTEBFGexAhCcHSvfsiVo8v5beXgXn,2
rDA97Jot4942JiTe4swwDbARfuB8gk4yiM,2
rEDN6pACAAyaUAsozC7wGB9yNCFz3FGDUj,2
rEgdbSMc3BVAYJchSqZYvUVRFz7S8F2X6v,2
rF82FDTNTYxD5hCcmna782gDKgy5dQ5Vi,2
rfAuLnaowbxG81P6U5XDFreAN8RiWX4USE,2
rfs6B6CV2zQe3THymdhuTCLtV2a1RhgbbT,2
rGohYS5B9YVeeRxtxgfwcViccuJkDohWdA,2
rGZFZaQ1JTYFVWy7tAipVzGECN2mAJRbxL,2
rJ9Ujd2HA2nCwiiNqFryJ2KU5CWrivwXWh,2
rJMFmoajEWVxuVvawpRWTH7qPyWYeCm6pq,2
rJRzprxRHSR6uQ8JfngtK1AbDfQWiRSdCE,2
rKTqXbv2sKjndqNZsygrP3DwKjZXFfEUgg,2
rKYQLyB2Xq43TqMtTYAQPqs7Qs4v1fFopg,2
rLEJWL6vz2tJd7KKZrbNLyeVA8e7xk3jTR,2
rM2NcAjdFQ1Z197ZngCS7gPFrwSM8PJ9tt,2
rnMYZgTs6VsqJtkmwLLRnzvwoZMs6PTEhH,2
rp5dCuShaCExHhjP7K59zHiQjscynZMUwA,2
rPizJF8BKkpEHQD4nMX9wz7BC2sbHwAas,2
rXcFrAcyZ2XF9fsm88wvQX8sgQyarU1Dm,2
rDd5D2GNLTurmAwFJrEbvfYuwB9MfSRVNc,2
rfNVFVXYKqxEVbo6X6zsJMESSLPTWGeyFY,2
rGHgewA9vN3gyHVEbkG34Egjatm7bejJAq,2
rJai2eZDbpU2L5yCE4bvaxqfMuyPTak7fp,2
rKPrzYXRPeuHAhvFfvmNPQhqj1dSCTVdEV,2
rMfiyeQzKcn5Y127KwRMiRJPQBDor8nh3o,2
rMuM1QJ4Cbsigf2hBePB5NMNYxg2x3c2RR,2
rMzeMeov76KmtSvdZkU3bVpizMgZosNUQe,2
rn2431ShqRBrxfGUFrxrixL31WdUjRHXYu,2
rNatyJf84Gnp4ZyTtCrsaunzQUD3aHs7J8,2
rNz9q1yCYSZUsqZnXHMRLfFKXasyvu7wFj,2
rPaSX4dwKhi3VZ9tn6Ewnb7J6y8TDugbh2,2
rPtZs2vZhtxF4yN7njKjKqdBha9a5XLxY9,2
rwiYyWPjNjWVrAytrB4iSU6sDYHdDsVrvA,2
r3Boc2abdnz9LiYoq9HGUuLL4ciWRMEgpD,2
r3krdN5hemUh8ovmJb4Wkg9u3Vae492ijv,2
r3rQjKYP5boQE4gfkmdJ93Fba8B8FYdUMw,2
r4wTXLwsyiCiww6VH167oKCJBLdFmbct6e,2
raroJ48K7VYyQBxwJgwwWFYchs7RA2ZQJt,2
rBf6dVRnUyzZSh8SgHvYat7tvokFmicsZf,2
rDwrsmmDTS6oLtaKdrePSs7e5cuPYnqUCA,2
rEtqTY8BNBYNLah3yXeasrJSJQxvkHQ7ro,2
rfRjtMZQtETcBGndKch3zFHmLk2CRXwCAt,2
rfUc2n4PYcJfmcarkHkxHLvfMpZPVKTmAS,2
rfZeXaZwqSWbTpm7Zp3265ifSGZskjym5i,2
rGbXFHnMNk6xMqUcjRy1PrTQDCuCPGwygF,2
rGhcknnr4eC7ULfbEPrGrgegyuJGBE6UUG,2
rK8CU54dmJrLabE4rt4jaH4wtMeQQFssas,2
rKd8bzge9iYGUmNouUcEDjSvbJNxS4pjkU,2
rLgMwv2d4rF5aioN1geoVctG37FZX5hpkA,2
rMDitVUHY9LUQrA1T5goqvPnV2HdFPo92Q,2
rMUT73oSBJU7n8wurfn74ed5whgmvR6tJS,2
rnFhE36ApgXyfhniMpdLKjvMqCkQDyVQsv,2
rNKKLZgoEEqV4F3qHX4yZtgr9pva6Vx7xa,2
rNsuMLxA5y8LCeEo4aqbu4N3pFzezBTNVf,2
rnXWms9FB9NNCiDLUrNCwZM9DuTdmk5JLd,2
rP5den9NQU2BzWg4Uk9izAc7oNiRrFFh1Q,2
rp6YSoer2RJGBPX2xJXgipBDBv6LqfiVRa,2
rpoixWZUybUn17SSw4vgi3uEEev5ZKGPNB,2
rs8jF2y4spzfibtSbaQdtC2pRv4m1bZJwh,2
rU74uDenu4S8r7XrQhth96S8yYwxAZJaXV,2
rUSyeiYUuSuXr5FGm9QJAXjWFRMTp3Apoj,2
rw8xwZYZe6DXRpJrcMeo6ftWVVd3v8LGkd,2
rwwqKkfPy1N8Jgzi83tpz44zFTMkHpHKa8,2
r47LrDLyzWB8SJaiQEiZcWbGKKcZknsotH,1
r48VtwXmmrxHzaH4Cjuusj6cu118ZaXD8b,1
r4pi9VZKpFPWR5iy5M6H1pcb5uV6GzFuy9,1
r4rdHo8KtekS8LvpqJWUroouRKfNGZBwPT,1
r9TcqWtCqzG7xnhLcYPUbKsV691wNPzMMw,1
ra4iHGKrSPNLzFWFv2394cTiEoq73LMp6p,1
raiCURBo5VxyheKt3Qa5wz92dZy37HMjWv,1
raUHLJYCVC52AKhn1sbKFKwZG6udLkYXpA,1
raxSiYYLKcpqdtUiqSbzEadaNEsFdJBbH9,1
rBGhua6ASq5fjCWXeSrnDECbFzfQgkx6x2,1
rBGKzctYd4dHNZKx9hKk3Bo8q3EfGadxUj,1
rBNuTa9dNhDDbgUgJ5BUDVZSxQ78n7pCfj,1
rcRW3LzNemrPQpqsggNGj861nN2vTPv8f,1
rDPvV9NQbx6uUTJa3F6TgEAKLhE8qhg1oT,1
rEKj41YoEtnQFERMsDStTJRqrJo8XXH8GS,1
rEkNQQAVXQP79k3sDV15ttj49w8pyhRLgq,1
rEqwhQTbXUYaSVDhtmjhK4DTQ7HT2EurfP,1
rfhYK33p4xPeKTn6KHumy2akxWiTgpCp1H,1
rGeDhvopTPkkwWDixw5fETgkq4XiXoeV9y,1
rGFvtCMcLzmL3FEyGp5xtiaxtbzmtRFwu1,1
rGVRvfDQdZdYi24QXa9gQXcSY68ncYBCLW,1
rHoeAuDL3R49wKDj6XQQcdYGzC1BGHsnSG,1
rhxcMPoQEUhgb8ps6pLXdpySwWLgKw1a73,1
rJ8G2QAohzMyeHTuccSrEUEQciLSJkzt45,1
rJFg8jEJnFtys7Ur5SNsm9WsKfWtJJLeLt,1
rJLagQnJhmLPAuvgnRqSKTa5KW3193ahot,1
rJnuMg35bhWmNZf3jjiB2RFutUXknmHDQz,1
rJXwSZHKrWA85cDZq6NZeH6wKXpqMQ6H3,1
rKU3LCJsqonic3zvAKFufZM1KHzeBhSKnc,1
rKvMcdeieRwKzZyv7ec1VmJzwmPLuoEAMR,1
rLNJpTccCvhCGBsH3Ei6eWUajKKL1cyTJN,1
rLtiyVmj4kA8MwQ2YU7vW2J41Vpx6JHv2,1
rn8SVxJ477JXHRnj4xAV8rY1sfNxNPMKJm,1
rnVMxpRxJgqusAMinq5UyPh3px3JzBsczE,1
rnxQtmM9Ck6DNqqQ2sbk89v18KCGDGwifn,1
rp7twsS3fzzjwVeLbQnwhsgvNwHtdzQYyX,1
rpdbdjkuddh2ECZCecPbzUZw9fxnbdrijs,1
rPdmH6ueFpMS6BgL32gunxXVMkA4K2cBoA,1
rPge5um7HjuPFTRjnx9c9hBjRhfiQZWemU,1
rPh5CRU1vNZNPKc7aVnMxnnqpMusQf9zDL,1
rQsEjCGUd4Yf8dFG4UkjMQDN9W6bMF6FLN,1
rrnvWkkNWH5i336effC1WUHfsk8JEroZDZ,1
rscFgJjFfZBgqTPdkpwz1fFg6i7ENjPpzB,1
rUgjxEmnRCYRqvENMdtkSS9qdCaRLmDSYC,1
rUJJ3TwiuARrhitccipD6VktsShJxBQBYE,1
rUnDpyLp5iPHdVoPQPCyHfZT7wYDE3JW78,1
rUt5qQ9qT4ucDZRKBuR93tYxDdAyVL9QVZ,1
rUZ1daGoQW2BJbB2jdtLjR6ePLgWgHWGZX,1
rUzYjvdd33Wd4enSG6wkhiSmgCbm6Xihvn,1
rw4QuPgPPPt5BH7Lqo9LDVSuMxZFYA5xZJ,1
rwaK4bYbiXHG6FNShTcZZTW5PKnamfMi2V,1
rwhAC7mZq3nCV8bKVNaF2SbMEyTHJHAyaU,1
rwVt8zH3x9SWwcAaGNfKjzHtmPUBt9u48s,1
r3BS2BNp1fEdc7BYc7kPq7N3HrZ5RWCFzV,1
r3JaY3QXYdg8UrsLG9ygd4AGU2YJ3XBLmH,1
r3KFdr7FTU1hxo9DbS1h65Wq8MXG7e9cgK,1
r3oUzwSY8c6g9e9wiUdHZnES8RXWHhAhPk,1
r3soJnT8UJcTaZPiaxuRScamTkunZJJFG8,1
r3W8zg68b2nZX8SCx7X4RLM3WppHbwJNyd,1
r3Yn72KPCoPjvE4VAUbgRk1sK6Bvk8yEub,1
r477d5GHsqhMJhjEfmDKtLQG8bcGgGbiKv,1
r95yY4dnQHm38Pm9neAxBmhcQeicujNDa5,1
r9hBcxtCk4cBKkGZmYBASfiwuzWnqUCxDz,1
r9LENpW7LxB22E1i635xJ24cmD7Pq7rCB,1
r9R5qdjiCyGUXtGaGBiDYeG4bR4qPbueeP,1
r9V1S588za1CWwXoogewJjmhkwzwKZyjnT,1
r9xZrbE4LnoeTXCP3A8xnaQB4RkrGt8mHG,1
ra2gFb64Vo4fQB1x78RjRGqwTG7P7UiUvZ,1
ra3f7Vs97ioD1aRfeU2T4xKqA7P69qa8Vx,1
raaHQWm8jxpyqukG4GxsvtvEpBpcrcQMkw,1
raeEJgowTxiKSf8aLRKeKFN1RkVpmv3u9B,1
rAmfgMYcX8zR1QPWFXYmEdwxtz5huaZPW,1
raXEyUbatmefE6uccyFcpyVkaRYuC1LaGq,1
rB3YoZ61okAncDbXTDFJJj7cyqW81ysdvc,1
rBDEjGczMgj2n6TRrAu2UviF8jq14FzvKg,1
rBdt2WT8UpFawUyhnhayBR3ubkwdWvpp6w,1
rBHYxS3J6VfMeo2L9BTfEG6EuccP7WBPgf,1
rBLKF7WqNSxAQpmRX1eQ8AxuzH8QuKzemR,1
rBvz9T7MneHvSeErRYMVFC54AJH5Fp39yg,1
rBZf6wEHptX2NNnPDEwQ9gsy6URiqQtcMD,1
rDBYmqho7G7359bXUs2NuxfX9G6gewdsqB,1
rDrAGgL8yREisv5HUC6LxuE4h2ryPuLHC8,1
rDZhkFRoh8cFx32jhw7tou2uvGdAQWainj,1
rE9muxgd5QRDcxhUbjcVMXMKmmdfVAuzax,1
rE9ZbcuLDVCTWwr9x9BXudiG2rzdjbWPgc,1
rEa5mHv9foHXmP6E8SttgZJaXCWWKHoALU,1
rEBHgZX3L91S5nd33wLRoD6LRfJQXLtBCb,1
recQ1DhYp9foTM3YyMDRWrck6fuM62rWm,1
rEGk2i9cvvJBM9cNzfBvyXHjVYevYM666h,1
rEGqCHwSYvpTpMzg3gu6e1Trh3vgEqAQvL,1
rEKjQpVq4LFNhNdez2qUphCvWRgLCEjjT2,1
rEKr5XNuCztyNtEBv5GSBQuCnfMf5m4DoP,1
rEm17A6urKJTzSPwMTfCzvcLXUFATSaJtm,1
rEs7XzaqPRU3smne4p1A9EWCGRHjbFDc4W,1
rEtN2RTXAYD8UgpGgoGkBow4ejwEbLxsXH,1
rEWKs2JAnPuxwxmXZ51GMZ3NsTxETSjL9o,1
rf3cWW1EaoAmELJC7KFUxVeRhvJxVrtGj8,1
rf6252Jq119xFEDhXPg7kEMUm7yAJxghWx,1
rfCHpFCwGtAa8zzUMDhD2YJvZCTxYEwBx1,1
rfHijZ5ovrMKwS84ZYAmDKRL24mNfocjJG,1
rfx2mVhTZzc6bLXKeYyFKtpha2LHrkNZFT,1
rG8NqPwDtxjmoc4mrPK1psKffZqZ68btyo,1
rGCa6NQmLLvJZR8g4JMJPpWufWewvoJTyj,1
rGDYB5piDhStV6iW7Lo5mwyVb2j2BtLLJD,1
rGgoF7q9t68fcqoB7ssVvS8ihNtLukHSSK,1
rGLECp1XNZXfMwijKXhsjHDRjoB6Pqt7vm,1
rGM5tqR4bHQNTuK1W6Tb3QJxzpxuXUH4QL,1
rGNNDfVkdokwfkyAsjhr1rEjqV1w3a4pPU,1
rGuRpVk7hGoF4y8aCNNf6cRhHfnfwYjbmc,1
rH81UivAa26sciWJbSEBeWbASxmC3u72rF,1
rHb6yjziyM3ctp1Uq4spqPyLPYtDbAVztL,1
rhHdxg2ddF7qxdnh2xfBgHAyfvaXZRaCXg,1
rHHviosMrm1hi4Nfm7MTipMw2oeEQRTeod,1
rHkG991YtFcKBXNZucVMTKkpaWrayUkSWY,1
rhphb1aWfM4uveT9wnpP6DLqnFfUn6w4bN,1
rHw1NVcLRy2TtP54br126BMnLRp8SJEGa8,1
rHxoisS7ZgTbD9kDxQMZ2G13VfA1wNbi8a,1
rHxYgArnJGvhqa8FXdR57J4vrKKuzNjwx2,1
rJ8sfa2Gj6E6fMQvpBcT3HrmjQqacCVQMW,1
rJA5p2Lu412vvUYeNNSJyF7eFqzrhHQa7L,1
rJpeJxs8DYQJVSdeLEjBdBNxnYyTw8F2cR,1
rJSKiHhk92tLgfWWH6tSw9uijyActqXbUw,1
rJt66R9huhxva9KajsCoM82wh9PhFppPWt,1
rJUnzvLzmZ8zhTF7cc2P3QnsvSFbvtS3JA,1
rJUsZL54tfgfcUaKjeLF44Wzx21qKuRKtZ,1
rJUzbtimUQkopd2BhJvAJm4MmZo56fNobN,1
rKpHiZ2y4MnvAqK2PeFeLC9k1NydJYy9TZ,1
rKYsjeL7w1gPNLWiRFJhdcKSUY9tUpYLPp,1
rLCAEBEMgN5GXamM8t5ysj99WjqPGtCdV4,1
rLN2MK66NwTiR9smMkcePY43zHRndk3onR,1
rLP8jN5w8pwpYP1yqNnFjuaYQaUUiakYmL,1
rMao6sb6Gg1g1dZMS5uCSqkKg2vDrSmkSD,1
rMfZrCLn5bBW3oGbvXp1YBpxCSacJdZXUQ,1
rMTCT8pJVznULMdDVN22VDkAw7hz6R1SwB,1
rn1asDwgEPthVbPqp52oz9FJGSMBAYvLZF,1
rNAKrfc4VoK2YiyMoAw88E1fV2kbBKzTgm,1
rnB4vJsjB8igdcg14GEPDWwLbeLSFcYB9Z,1
rNCp7Y8buF5F75mwhcVYfZBNe4tWt3YkL8,1
rndcVQmSfuwDDD8dUMPyxxF6nhEqCDwkHa,1
rNG796hdFuHzGV2Nw4Y6LzAhByZDvyHMf7,1
rNGtrL5KeRbZidYoHAs81cex2hivfB9DTb,1
rNHZVGDkDQaT3chkmKs2WBFKzprKbgJJCC,1
rnJfxYpJXBbymsaYJFbbUof2PJeTyh2PRb,1
rnjwArWTGGyb9GcGA1GYkpqrLJ8KFRHN7T,1
rnmDP7LE61sxM5gqcKVfzSJ1tAiUWM8H1J,1
rNn7JAC2VNd4QnDkBnanWydARYrN9TP9ts,1
rNnwj7WcG1fkkbzMH43zBijyB3uwWS1z4b,1
rnzcgWfm5PFQ8ARWw2K8rfyFaEqetkdPsj,1
rP4G3PxMmKbcsyZskiNYiYavwNmV8Vn1Dy,1
rp68tim3vXZeZYRwJzvwRGCxHVg4y2E5We,1
rP7pp2SKbAcjnTTuairtkw1EYFoJWyxwj6,1
rPHd8bb2C2aHFxNTpN2yz6sxbqkkGM921r,1
rPJ2MjiJVLaqSQdrSSFLfCh7ZQHLtXg7hC,1
rpNL8pEjWhoc313NXmHwPXQ3czwYsNcTek,1
rpNypB76aBL4JKdMwUyUcyaRNd1qtvowj9,1
rpSKjY3LuhAiY21o7r8V9T9bTjQj79PXmW,1
rpSpd8sEHTRU1778ADWNurVZmKsbYHWFt1,1
rPT18rj3D8yLRhD5242pPyxszy7JnH3o25,1
rpt32nm56WKN61BhHXjtG1ERmjK2m8Rg4B,1
rpT3uSDP49SoCMHosPUmn4TFvjb8AGMeFy,1
rpxRrsw7Q3GBxsFUdBWkXZEHju1YhiQWLt,1
rQnk4Wksyy3FiTuM5xKnE78fkwYXRVs48R,1
rs35nrGhpCPyETGMxR8T33uSMNdqsUkwiQ,1
rSG4QE9oyguuZrrZoyZz8JyaxPZqACx76,1
rsxgVA3HeCYkSYKhvXAtt7PVTA774EEUBH,1
rsxSv9UvxVVTdMZjriuJwYzDztW4dQyV4t,1
rU3c79cLmybLorBSSgMnKBiK35qNKcyv5E,1
rUc8aXZ5rHFShCyxQRmx1wJgPMMkm33B6N,1
rUcqWF4z7GpPgZFpHGWxWmXudhU1SLWbN3,1
rUDZu9oNxBTChXLEqVcm5SunTMfLW86W5C,1
rUe5S7HtxW36rEScTuyV4ekXbCBn2NDvky,1
rUeb2huWw47BXvoRNK3jVKKns1gKMT5oss,1
rUyJbKaqJstVEPbXTt55sa1d5VzUXX9Mhu,1
rw7PPEtFAwTW5QA8ekD88ZXuqtb1g5t728,1
rwRAGFYKgmkARGMyUtbHWpyUfWjMzjPJ88,1
rwtA7LXhWKkffYVY1ZEbFLqHs6khBCFgD8,1
r31KgWDRKs1Lu3ZFhKhLDfj5quhi4iR53r,1
r43QYywhNKoYUwsevcCffx1oHSioa4HVAF,1
rB81J3yu3fARgR1yR3ApghtFEfrXafTiBK,1
rBn77Ma1pKXvNdKDZhAHH6iW5QPjVHCGrD,1
rBNcQbhAWTMZg6DNPErsUhsYQwYD3DK58g,1
rCHTsNm6DdSBmRr5RXox6ptvAwh7rdsh2,1
rDrdFz7yLCbeQzkVYJ7X8ncwUQb99Np3Qt,1
rEA6RUW8CWYxjWCHq8YuGenAZbA8XZ1Spm,1
rEj8aFjc4BFe3LVJbfoYXQLqWCvtxdmHm5,1
rELLQBX7Mg5GMEDYnAneXuv5P9dKXzjjSV,1
rf8ZbrFWdtAY7VD7w7ybCEKcKFtGeZHn4e,1
rfdfzP2ze6S64ETUjFt2PN6tmKErAxDkcD,1
rfE6Wxrt8o3tEnfCnBENDzqSnfnSDmZ6wu,1
rfKn3QQHB7xv7umwsbLF8xF6dPCH6CmLma,1
rfPwNWzZF7BPwYcAvuJRQ5zckGpfv4JgJw,1
rGmVR8NeBAMtYCTVY5fob6fX7rYVYXDBi8,1
rGnpbxuwNj6y1L4X2JLURY2V3jAjGZbKzc,1
rH9jpP7uNrEZQGgU4dqe35UtEp9b3Q76s4,1
rH9xfcAuQqpaEmizfsJPbgV8ws5UGpZ5ic,1
rHj2Luv4f7MbJtNTBrbWAPVCVhrJuAVYTm,1
rHTKBhj3biqFtTrjFeXtNwVs9CnCHfyQom,1
rJ1zpDns87dQvFepBDBySnEJ2UqofyDpEa,1
rJ3jR7DGs49NXEaJ8sFySB8eqcdphK4KNo,1
rJmS7R9RH7YWT1WDm2hTSNWf9Mna8mXXZM,1
rJzetnBLeKQthfTEiUC7zbDGgywKwCZJcC,1
rKbkbKFaYYZD1KKT2Ur4imSAdjoVgb8RDd,1
rLE65DKE2guVj3kSBsp3GNb1UCgCDfm7Hw,1
rLKJACpQQ7rBRmrLGuYwE61u7a3sHeMQed,1
rLunCPXahzwmP8FQuPDatrLEGFcnDKZYUH,1
rLwX96R5Aq3xNETsDxJyvbYK2h6JoHPz3r,1
rMKfiV4Sfw54iUeEzBYJbGfoxaBvg8SuqB,1
rMLmdSpkdmqnaExqM4SzotcXymqQ31J4gd,1
rMo1iuk8QbZpoECXvysT9pgkW361TSLzEg,1
rMuWj6b7KWuG8ZifTdAcN4GKVBBPAYABQE,1
rnBqBFvUXqmsvfyVxHWx4nxZwgNxLBGSXc,1
rnQNMqPmr9EUXaqNTzLDqvuf4bGYAa9i6B,1
rnU316byyDBhFtae9M7ctCwg3rpfXAMsdB,1
rNUmGAGsmUM52JzkkRPoGdGAP5KdAhmkqX,1
rNWmwcNfKZFFH11MMA4Wy4Xkc5xjJBY9Ju,1
rp7tLREHUd4UT5CXWT3TWM7njeaZrRGDxa,1
rPaKWNjTBWqo96ZvpeJPeK2XY3rdDh1y1m,1
rpQuoKxvkKywH3RGs74ZXjM44FHGLyG5pT,1
rQJbK5hxMm2gM6aB5DEaRFR7AWtcPE19eV,1
rRRRRR3VrUoxDbXWaAVQYVUUgTLm6Uecs,1
rs9VpyWZwXQXy3WjrgadgrLCCcShTzSuQA,1
rscw7wL6LPrGY2P6jvtWs8djq3ikL8XwVN,1
rSfy3K1qWbNzBYrbhNAcdPGmY3AFDHmWV,1
rVTzHR8zQjFvddJtKuAYV7aM1C45QkkLi,1
rw2GLHduCC9dLd49YRnuovkyttLdMDcoQ4,1
rw6Lwy7VTW9ZrV2cwnmRZcqCD3R5XZhc7s,1
rwGyMzq7qZ1W7Vy99KLw8MDeebbiEr4x8V,1
rwHQaxnhqBgTzj1UwpsxUdZi9LSpGgHB6H,1
rwjpFJW2zouBvSYCrTigyfUan6DB6aht9U,1
rwKgwydb7NRHNS8gVpG6QEP2tYqPhroYrK,1
rYjj7cmyDrC7AW9JPVaWT1bQx7xFUwhSC,1
r3eGfh3K3QW43fWTQFDoxDVTnitpv8NJ7V,1
r3QPYJ4anSfJ3ya72cUnspeGrzzPNEqb7A,1
r4qLbB441W1zJMW5PdQnaXkFv4k1gUzFJ1,1
r4ry1SDapcpmFt5mKqRGayeAYtFakQBk9s,1
r4UPCdeEaqfZVi37DQAzdmN9CSrvfAM6J8,1
r4VrmUkhJVpg64ZTpcZzXQ9ygquUzUmeu3,1
r4xNrDTeWnRUxphnyK36WL3Sq2ypfrVzyH,1
r91jz7FFMM5tRiPRDGELygNDwt3fJhm7pV,1
r91yc26PxeT5fcK352oeth4ZMKCUvEzfuQ,1
r9BLEaRKj2FQqNMmTxMQxD7kL5yu6Yyi9e,1
r9dYkvtj6HJmVn8sYrcQTicTChv2MhwkCS,1
r9ecvZiwQGoP6rxYV1cjy6v2iEquZadwxP,1
r9G3GjWB24rxih66cu976iLLJExg8piSoQ,1
r9R9ky6ko7sPPa642aojfomLGtm9tG47uW,1
r9RAtamZnJaYbYUfJzRxVLiEK1XyU1DYwv,1
r9rNYVD5W7mJ1XtaRDztyfcvTpSPabVmUm,1
r9RoRGqAWZ4KqeC7tHgmZDFew456prVC8r,1
ra3vqnxHULyMXpcXUNjtEffRfY1hunsgeD,1
ra3xiebhXA1XjmZKkA44gq9dbMbyWwEXm3,1
ra5YLqS9u5vZREPSZX4BZNjAhUNz9rnUGP,1
raNfYmkNQcumyQ2dUD9g9pQdbRvEfmstYp,1
ranWznHg9WEvShkkb9BixSWpwSwsNmJPCq,1
raScg85z6GtkdrsNbpNYH2uLC2ZmYuVxjH,1
rB1wrFy71dNsmitkK4eth9RuBK3D6HoBjw,1
rBD57CbffrbJDV6KmkJ5E4vemBcNg1n7QQ,1
rBKoJzT1t4FmRe8iZn3TsnrafjoXYwpThK,1
rBz4jL6wyFyVPxqb7wSX3PRrYxUaEkbkDN,1
rD11tmAAHuk3BkVTAS46ziccgFiUUEk4pH,1
rDpNxa5XRcmKpnkcHJmTPupn9hduQUCYCN,1
rDsNcXsmJErZJdfd31mPNdRbWBsrkuCTu7,1
rDxrJmAStgQhMxEfRi9Gs5tuxfeHW93iWg,1
rE9yHfpX7EscZY6PiCf7UneCyeSbpFzCf1,1
rEnEqfegJvGXrqeMnYSsm9Nw2jKAzs2YUV,1
rEnhThKtYb7sc1ZYD2bWnX5BaAF6a2v1Ld,1
rERU4URt9szBh1KyA83pzQScY1ZSHDnVhE,1
rEYFDfufr1anikQHdbmzYEPT2MC9ktQu3W,1
rfP23fVqQH47BJE4zB3kUFRMCvFr4BmTTv,1
rfQLWiC1Te36BsYGWQKynV2MxjBixaX9L,1
rfTrDd8m4FNz9yek4fQnkk2tiwXH2u6kWU,1
rfvfNKge1JdYPBHJN7mzBGrpf4qQpQdWGC,1
rGe6Mw6wNU2SF2Hm1NijTZGjTgLETS9Cm7,1
rH3tpSeeH9YCEAP378X1iUFREf5bqEiSxF,1
rH9Xhvynbv97aVP2Gb5vxsA4Gdu4VroghT,1
rhDhGndkDwWnKyr8PyLgDQXX1BNS2Nbf59,1
rHeD4MDtREmXyVZYh8ADubXmDNppatrgqr,1
rHirH2nJ4kKd9j5qn4EGyooAciePak6VZX,1
rHpDgVtPkJq6zyeNPMgX99riGVNUQoGDwG,1
rhpNYJua8VSZA3tLoo3BWYbidgTij4oDw2,1
rHpUntfZVRrg8bo7RTRrCrxh2JVUofbGYe,1
rHpVhTsNwX8FX1UAfTsT6dKA3AiLSE9hYW,1
rhQ4zJ5YhAkZzR73ggzzZ9oQaTupKNqS3f,1
rhqgFpryNcxAJz985ZvPLGWmnGaXLT2Jgz,1
rHsfYyJki4mphQ4vGm6mpztVBvwZND7qRt,1
rHWUh5xXQQunXQHKzpKms2nJ5PunQjVuRs,1
rhYZWnSHyiBRWNvY2bGYaDmVFdEfrNLhfx,1
rJbUzyXj6aP8icCsHLttsEtnaEk6uUHARM,1
rJCxRPZa8RmeYsz14yZXjeasmp9aWptThr,1
rJjKWgXkQF7prLLzio1XTzqTNAmrtqjM53,1
rJuZn8MoW39W97FySH1VxarAX6D7ZnnUif,1
rKcz56LMhcfyYYpYWJrebrbqvvDQFaqDKW,1
rKsv1g6b3pFBT1dJWWN5nMEWsBrnRjvC1F,1
rKtz3n4ibY44LsftTwPr6Vd8jdyfJtXUQY,1
rKWoc91y7WaHwmsRqsUNSquh9sBTABDF62,1
rKYGcCZKcihYsPSeho4Y7dPyvy3VGCNx3N,1
rLYC2U9AVwQvhyhRiDVUmLQTduGCciSDKv,1
rM5ciUrbcpgx62XwzM4hMG2XnuiF2EqX7r,1
rMDppvSAamzr8q4LsS6dJs6zkYjLE5BDmu,1
rMLjzhheQJt4k3tW7hYtfZGEixow5L9c4y,1
rMMQismVCC1MC91osjCJNBUreoowZbT8br,1
rMT1mrwegw6UuYExYZWTA2kHijZVYKtrd9,1
rMyAZdwuH72z25yS18atW58ueixHgJRwNB,1
rN6SoVLYfKHuPzueQNhfXcwfU4TgMGkg8Q,1
rn8CWZBQYi51CwfQbj7GjM82xcKcgK8UPE,1
rnBPvmo4fcANeBBVHahL2vfMMPGBemKpA8,1
rnisxBbxfm7XJDXePM3UQ14c3WTjKTjywX,1
rNKSP2N6PEgzPXPDeiD7PYBZXi7idWBsTL,1
rnvHuxoiMPoPANtyWutjbVs8edq3VFBF7g,1
rP5Bi89XP5fWi5wiQuYArwuKsJZYP9ujfC,1
rPAmAg1aFk3Nsn5qVUw31nudfMndRW73gP,1
rpaX91NK7SFxYLFm9nW7ktDScGPBxmYPu3,1
rpFuaywSioJAPfMZEC3qxbdBAgzN6mQrLT,1
rpJdK5JjTxYJFGLtuPiLq3xtcjnSR4STch,1
rpoXxz6ag6FtYjqWkNfCuSbouVE7iWMhhZ,1
rpVWbaJUMvEPWkF3j9NVrcPoUyBGn3WyDo,1
rQEdbbLFkXxKrKuNyHo7MLxht9JiZd4bFR,1
rQHEVGXZnFemrkU14UKBPV6ZpKY8KKTREn,1
rs23zKKor2MT6174jK3G8vFswCDpeUBU6a,1
rsaJB6UfZQkfazdLBGnQ1nvQ6dqNituJoC,1
rsCHdSpFcduhNTJsH1SeJhL5VBEkM8g9Zj,1
rsdM48evq9vXkSz4LXLYrTfcQqvcwSKiR6,1
rsdWrFgMXXWHbBrG1tzCiHRqTHYBQv5Fgd,1
rsFBD926e2ANuJ26uMgk5a9fRZTXRMq45h,1
rshd17DLTRgX7zjq1jtnNM59rA7aZyFDUx,1
rsPUoyY6g2jURGTbUnwbcY5tQUtmhLPwJn,1
rsUpWpTvG5JwtqgTRn4xUquHBD3fR4indZ,1
rsUuvNYmTodFocYh8eGrZeQBYpYaqigK4q,1
rU5MREnLMNxvDjeyBdGfRCb5FeCgwqjjYS,1
rUCieWE8Acr24WNHJPdy8SvvPVViAq3qao,1
rUDWHc7FEVX1wUZ9iyeJyuWxsstSujdj3f,1
rUHfPf1Djkz8y8iaE882PnXvAgMqjsgG75,1
rv27SDooTeNpY7jTWXYoVtaLyH5s1Dwok,1
rwJVY7JoVGfTgMTMxZ7uU9jnhZ81SNMJMX,1
rwtE8twEvSyFi1YJ6gMwLPQMDwQBb8DfLM,1
